INSERT IGNORE INTO sys_dept (id, unit_id, dept_code, dept_name, parent_id, dept_type, leader, phone, email, sort_order, status, create_by, create_time, update_by, update_time, deleted) VALUES
(1001, 1, 'DEPT01', '综合办公室', 0, 'admin', '张三', '010-12345001', 'office@gov.cn', 1, 1, 'system', NOW(), 'system', NOW(), 0),
(1002, 1, 'DEPT02', '财政审计科', 0, 'business', '李四', '010-12345002', 'finance@gov.cn', 2, 1, 'system', NOW(), 'system', NOW(), 0),
(1003, 1, 'DEPT03', '政策法规科', 0, 'business', '王五', '010-12345003', 'policy@gov.cn', 3, 1, 'system', NOW(), 'system', NOW(), 0),
(1004, 1, 'DEPT04', '人事教育科', 0, 'business', '赵六', '010-12345004', 'hr@gov.cn', 4, 1, 'system', NOW(), 'system', NOW(), 0),
(1005, 1, 'DEPT05', '信息技术科', 0, 'business', '钱七', '010-12345005', 'it@gov.cn', 5, 1, 'system', NOW(), 'system', NOW(), 0);

INSERT INTO doc_incoming (id, incoming_no, source, source_unit, source_doc_number, doc_title, doc_type, security_level, urgency_level, received_date, received_method, copies, pages, doc_content, keyword, status, registrant_id, registrant_name, registrant_dept_id, registrant_dept_name, create_by, create_time, update_by, update_time, deleted) VALUES
(2001, 'IC20250101001', 'manual', '国务院', '国发〔2025〕1号', '关于加强财政预算管理工作的通知', '通知', '普通', '普通', '2025-01-10', 'mail', 5, 8, NULL, '财政,预算,管理', 'completed', '1', '登记员A', '1001', '综合办公室', '1', '2025-01-10 09:00:00', '1', '2025-01-10 09:00:00', 0),
(2002, 'IC20250102001', 'manual', '财政部', '财预〔2025〕15号', '关于开展年度财政审计检查的通知', '通知', '普通', '加急', '2025-01-15', 'courier', 3, 12, NULL, '财政,审计,检查', 'completed', '1', '登记员A', '1001', '综合办公室', '1', '2025-01-15 10:30:00', '1', '2025-01-15 10:30:00', 0),
(2003, 'IC20250201001', 'manual', '省政府', '赣府发〔2025〕8号', '关于加强财政资金监管的通知', '通知', '秘密', '普通', '2025-02-05', 'email', 2, 6, NULL, '财政,资金,监管', 'completed', '1', '登记员A', '1001', '综合办公室', '1', '2025-02-05 14:00:00', '1', '2025-02-05 14:00:00', 0),
(2004, 'IC20250301001', 'manual', '国务院', '国发〔2025〕12号', '关于深化预算管理制度改革的批复', '批复', '普通', '普通', '2025-03-01', 'mail', 1, 4, NULL, '预算,管理,改革', 'completed', '1', '登记员A', '1001', '综合办公室', '1', '2025-03-01 09:00:00', '1', '2025-03-01 09:00:00', 0),
(2005, 'IC20250315001', 'manual', '审计署', '审办发〔2025〕22号', '关于开展财政专项审计的通知', '通知', '普通', '普通', '2025-03-15', 'courier', 4, 15, NULL, '财政,审计,专项', 'completed', '1', '登记员A', '1001', '综合办公室', '1', '2025-03-15 11:00:00', '1', '2025-03-15 11:00:00', 0),
(2006, 'IC20250401001', 'manual', '省政府', '赣府函〔2025〕3号', '关于调整财政管理体制的函', '函', '普通', '加急', '2025-04-01', 'email', 2, 3, NULL, '财政,体制,调整', 'completed', '1', '登记员A', '1001', '综合办公室', '1', '2025-04-01 08:30:00', '1', '2025-04-01 08:30:00', 0),
(2007, 'IC20250415001', 'manual', '财政部', '财办〔2025〕30号', '关于加强预算执行管理的通知', '通知', '普通', '普通', '2025-04-15', 'mail', 3, 7, NULL, '预算,执行,管理', 'completed', '1', '登记员A', '1001', '综合办公室', '1', '2025-04-15 09:30:00', '1', '2025-04-15 09:30:00', 0),
(2008, 'IC20250501001', 'manual', '省政府', '赣府发〔2025〕18号', '关于做好财政决算工作的通知', '通知', '普通', '普通', '2025-05-01', 'courier', 6, 10, NULL, '财政,决算', 'completed', '1', '登记员A', '1001', '综合办公室', '1', '2025-05-01 10:00:00', '1', '2025-05-01 10:00:00', 0),
(2009, 'IC20250515001', 'manual', '审计署', '审发〔2025〕11号', '关于开展经济责任审计的请示', '请示', '秘密', '普通', '2025-05-15', 'mail', 2, 8, NULL, '经济责任,审计', 'completed', '1', '登记员A', '1001', '综合办公室', '1', '2025-05-15 14:00:00', '1', '2025-05-15 14:00:00', 0),
(2010, 'IC20250601001', 'manual', '省政府', '赣府发〔2025〕25号', '关于推进财政信息化建设的通知', '通知', '普通', '加急', '2025-06-01', 'email', 3, 5, NULL, '财政,信息化,建设', 'completed', '1', '登记员A', '1001', '综合办公室', '1', '2025-06-01 09:00:00', '1', '2025-06-01 09:00:00', 0);

INSERT INTO doc_handling (id, incoming_id, handling_no, handling_type, opinion, handler_id, handler_name, handler_dept_id, handler_dept_name, target_dept_id, target_dept_name, target_user_id, target_user_name, deadline, handling_time, feedback_content, feedback_time, status, create_by, create_time, update_by, update_time, deleted) VALUES
(3001, 2001, 'HD20250110001', 'draft_opinion', '拟请财政审计科办理', '1', '办公室主任', '1001', '综合办公室', NULL, NULL, NULL, NULL, '2025-02-10', '2025-01-10 10:00:00', NULL, NULL, 'completed', '1', '2025-01-10 10:00:00', '1', '2025-01-10 10:00:00', 0),
(3002, 2001, 'HD20250110002', 'assign', NULL, '1', '办公室主任', '1001', '综合办公室', '1002', '财政审计科', '10', '李审计', '2025-02-10', '2025-01-10 10:30:00', '已按要求完成预算审核', '2025-02-05 16:00:00', 'completed', '1', '2025-01-10 10:30:00', '1', '2025-02-05 16:00:00', 0),
(3003, 2002, 'HD20250115001', 'draft_opinion', '拟请财政审计科牵头检查', '1', '办公室主任', '1001', '综合办公室', NULL, NULL, NULL, NULL, '2025-02-28', '2025-01-15 11:00:00', NULL, NULL, 'completed', '1', '2025-01-15 11:00:00', '1', '2025-01-15 11:00:00', 0),
(3004, 2002, 'HD20250115002', 'assign', NULL, '1', '办公室主任', '1001', '综合办公室', '1002', '财政审计科', '10', '李审计', '2025-02-28', '2025-01-15 11:30:00', '审计检查已完成', '2025-02-20 15:00:00', 'completed', '1', '2025-01-15 11:30:00', '1', '2025-02-20 15:00:00', 0),
(3005, 2003, 'HD20250205001', 'draft_opinion', '建议财政审计科与政策法规科会办', '1', '办公室主任', '1001', '综合办公室', NULL, NULL, NULL, NULL, '2025-03-05', '2025-02-05 15:00:00', NULL, NULL, 'completed', '1', '2025-02-05 15:00:00', '1', '2025-02-05 15:00:00', 0),
(3006, 2003, 'HD20250205002', 'assign', NULL, '1', '办公室主任', '1001', '综合办公室', '1002', '财政审计科', '10', '李审计', '2025-03-05', '2025-02-05 15:30:00', '资金监管方案已拟定', '2025-03-01 10:00:00', 'completed', '1', '2025-02-05 15:30:00', '1', '2025-03-01 10:00:00', 0),
(3007, 2003, 'HD20250205003', 'assign', NULL, '1', '办公室主任', '1001', '综合办公室', '1003', '政策法规科', '20', '王法规', '2025-03-05', '2025-02-05 15:30:00', '法规合规性审查已完成', '2025-03-02 14:00:00', 'completed', '1', '2025-02-05 15:30:00', '1', '2025-03-02 14:00:00', 0),
(3008, 2004, 'HD20250301001', 'draft_opinion', '拟请政策法规科研究', '1', '办公室主任', '1001', '综合办公室', NULL, NULL, NULL, NULL, '2025-04-01', '2025-03-01 10:00:00', NULL, NULL, 'completed', '1', '2025-03-01 10:00:00', '1', '2025-03-01 10:00:00', 0),
(3009, 2004, 'HD20250301002', 'assign', NULL, '1', '办公室主任', '1001', '综合办公室', '1003', '政策法规科', '20', '王法规', '2025-04-01', '2025-03-01 10:30:00', '改革方案已研究完成', '2025-03-25 16:00:00', 'completed', '1', '2025-03-01 10:30:00', '1', '2025-03-25 16:00:00', 0),
(3010, 2005, 'HD20250315001', 'draft_opinion', '建议财政审计科办理专项审计', '1', '办公室主任', '1001', '综合办公室', NULL, NULL, NULL, NULL, '2025-04-15', '2025-03-15 12:00:00', NULL, NULL, 'completed', '1', '2025-03-15 12:00:00', '1', '2025-03-15 12:00:00', 0),
(3011, 2005, 'HD20250315002', 'assign', NULL, '1', '办公室主任', '1001', '综合办公室', '1002', '财政审计科', '10', '李审计', '2025-04-15', '2025-03-15 12:30:00', '专项审计报告已提交', '2025-04-10 17:00:00', 'completed', '1', '2025-03-15 12:30:00', '1', '2025-04-10 17:00:00', 0),
(3012, 2006, 'HD20250401001', 'draft_opinion', '拟请政策法规科研究调整方案', '1', '办公室主任', '1001', '综合办公室', NULL, NULL, NULL, NULL, '2025-05-01', '2025-04-01 09:00:00', NULL, NULL, 'completed', '1', '2025-04-01 09:00:00', '1', '2025-04-01 09:00:00', 0),
(3013, 2006, 'HD20250401002', 'assign', NULL, '1', '办公室主任', '1001', '综合办公室', '1003', '政策法规科', '20', '王法规', '2025-05-01', '2025-04-01 09:30:00', '体制调整方案已拟定', '2025-04-25 11:00:00', 'completed', '1', '2025-04-01 09:30:00', '1', '2025-04-25 11:00:00', 0),
(3014, 2007, 'HD20250415001', 'draft_opinion', '拟请财政审计科办理', '1', '办公室主任', '1001', '综合办公室', NULL, NULL, NULL, NULL, '2025-05-15', '2025-04-15 10:00:00', NULL, NULL, 'completed', '1', '2025-04-15 10:00:00', '1', '2025-04-15 10:00:00', 0),
(3015, 2007, 'HD20250415002', 'assign', NULL, '1', '办公室主任', '1001', '综合办公室', '1002', '财政审计科', '10', '李审计', '2025-05-15', '2025-04-15 10:30:00', '预算执行情况已汇总', '2025-05-10 15:00:00', 'completed', '1', '2025-04-15 10:30:00', '1', '2025-05-10 15:00:00', 0),
(3016, 2008, 'HD20250501001', 'draft_opinion', '拟请财政审计科办理决算', '1', '办公室主任', '1001', '综合办公室', NULL, NULL, NULL, NULL, '2025-06-01', '2025-05-01 11:00:00', NULL, NULL, 'completed', '1', '2025-05-01 11:00:00', '1', '2025-05-01 11:00:00', 0),
(3017, 2008, 'HD20250501002', 'assign', NULL, '1', '办公室主任', '1001', '综合办公室', '1002', '财政审计科', '10', '李审计', '2025-06-01', '2025-05-01 11:30:00', '决算已完成', '2025-05-28 16:00:00', 'completed', '1', '2025-05-01 11:30:00', '1', '2025-05-28 16:00:00', 0),
(3018, 2009, 'HD20250515001', 'draft_opinion', '拟请财政审计科办理', '1', '办公室主任', '1001', '综合办公室', NULL, NULL, NULL, NULL, '2025-06-15', '2025-05-15 15:00:00', NULL, NULL, 'completed', '1', '2025-05-15 15:00:00', '1', '2025-05-15 15:00:00', 0),
(3019, 2009, 'HD20250515002', 'assign', NULL, '1', '办公室主任', '1001', '综合办公室', '1002', '财政审计科', '10', '李审计', '2025-06-15', '2025-05-15 15:30:00', NULL, NULL, 'pending', '1', '2025-05-15 15:30:00', '1', '2025-05-15 15:30:00', 0),
(3020, 2010, 'HD20250601001', 'draft_opinion', '拟请信息技术科办理', '1', '办公室主任', '1001', '综合办公室', NULL, NULL, NULL, NULL, '2025-07-01', '2025-06-01 10:00:00', NULL, NULL, 'completed', '1', '2025-06-01 10:00:00', '1', '2025-06-01 10:00:00', 0),
(3021, 2010, 'HD20250601002', 'assign', NULL, '1', '办公室主任', '1001', '综合办公室', '1005', '信息技术科', '30', '钱工程师', '2025-07-01', '2025-06-01 10:30:00', NULL, NULL, 'pending', '1', '2025-06-01 10:30:00', '1', '2025-06-01 10:30:00', 0);

INSERT INTO doc_incoming (id, incoming_no, source, source_unit, source_doc_number, doc_title, doc_type, security_level, urgency_level, received_date, received_method, copies, pages, doc_content, keyword, status, registrant_id, registrant_name, registrant_dept_id, registrant_dept_name, create_by, create_time, update_by, update_time, deleted) VALUES
(2011, 'IC20260610001', 'manual', '财政部', '财预〔2026〕20号', '关于加强财政预算绩效管理的通知', '通知', '普通', '普通', '2026-06-10', 'mail', 3, 9, NULL, '财政,预算,绩效', 'registered', '1', '登记员A', '1001', '综合办公室', '1', '2026-06-10 09:00:00', '1', '2026-06-10 09:00:00', 0);
